,Number,ratings2,ratings1,counts2,counts1,dev2,dev1,Text,length,word_leng,group
0,1,,0.9019966275293564,0,32024.0,,5.2429975193315475,"A man visits the doctor. The doctor says, I have bad news for you. You have cancer and Alzheimers disease. The man replies, Well, thank God I dont have cancer!",30,short,9
1,2,,0.16298919976188292,0,35277.0,,5.6279718210458265,"This couple had an excellent relationship going until one day he came home from work to find his girlfriend packing. He asked her why she was leaving him and she told him that she had heard awful things about him. What could they possibly have said to make you move out?They told me that you were a pedophile.He replied, Thats an awfully big word for a ten year old.",69,medium,7
2,3,,0.1934109005616924,0,32402.0,,5.448998092998552,Q. Whats 200 feet long and has 4 teeth?A. The front row at a Willie Nelson concert.,17,short,3
3,4,,-1.4125989774514858,0,30512.0,,5.276202175800653,Q. Whats the difference between a man and a toilet? A. A toilet doesnt follow you around after you use it.,21,short,3
4,5,-2.034617932862191,0.23535236019345085,566,73405.0,5.4232888282792855,5.3029020032201055,"Q. Whats O. J. Simpsons web address?A. Slash, slash, backslash, slash, slash, escape.",13,very short,3
5,6,,1.3302770271976525,0,39599.0,,4.976993871798986,"Bill and Hillary Clinton are on a trip back to Arkansas. Theyre almost out of gas, so Bill pulls into a service station on the outskirts of town. The attendant runs out of the station to serve them when Hillary realizes its an old boyfriend from high school. She and the attendant chat as he gases up their car and cleans the windows. Then they all say goodbye.As Bill pulls the car onto the road, he turns to Hillary and says, Now arent you glad you married me and not him? You couldve been the wife of a grease monkey!To which Hillary replied, No, Bill. If I would have married him, youd be pumping gas and he would be the President!",121,long,2
6,7,-1.9525103813224969,-0.6339466764757969,50692,73401.0,5.370893270191072,5.610901853551005,How many feminists does it take to screw in a light bulb?Thats not funny.,14,very short,4
7,8,-0.7164998915016176,-0.9962671806677414,50692,73411.0,5.153370764282953,4.968263210319047,Q. Did you hear about the dyslexic devil worshiper?A. He sold his soul to Santa.,15,short,7
8,9,,-0.6200393611138223,0,30741.0,,5.201667237015939,"A country guy goes into a city bar that has a dress code, and the maitre d demands he wear a tie. Discouraged, the guy goes to his car to sulk when inspiration strikes: Hes got jumper cables in the trunk! So he wraps them around his neck, sort of like a string tie (a bulky string tie to be sure) and returns to the bar. The maitre d is reluctant, but says to the guy, Okay, youre a pretty resourceful fellow, you can come in. but just dont start anything!",91,long,7
9,10,,1.1817056312258485,0,39352.0,,5.183989074413843,Two cannibals are eating a clown. One turns to the other and says:br />Does this taste funny to you?,19,short,2
10,11,,1.728665323242042,0,42677.0,,4.942994839596068,"Q. What do a hurricane, a tornado, and a redneck divorce all have in common?A. Someones going to lose a trailer.",21,short,0
11,12,,1.5043600220365407,0,43564.0,,4.843208640170552,"A guy stood over his tee shot for what seemed an eternity, looking up, looking down, measuring the distance, figuring the wind direction and speed, and driving his partner nuts.Finally his exasperated partner says, What the hell is taking so long? Hit the goddamn ball! The guy answers, My wife is up there watching me from the clubhouse. I want to make this a perfect shot. Well, hell, man, you dont stand a snowballs chance in hell of hitting her from here!",82,long,7
12,13,-0.6492629507614613,-1.9448586608541392,50692,73405.0,5.4278010349176276,5.137793499735258,"They asked the Japanese visitor if they have elections in his country.Every morning, he answers.",15,short,5
13,14,,1.3202849723228312,0,43899.0,,5.13687232701886,"The father was very anxious to marry off his only daughter so he wanted to impress her date. Do you like to screw? he asks. Huh? replied the surprised first date. My daughter, she loves to screw and shes good at it:you and her should go screw, the father carefully explained. Now very interested, the boy replied, Yes, sir. Minutes later the girl came down the stairs, kissed her father goodbye and the couple left. After only a few minutes she reappeared, furious, dress torn, hair a mess and screamed, Dammit, Daddy, its the TWIST, get it straight!",98,long,6
14,15,-1.4306830959520245,-2.112506062174747,50692,73406.0,5.337914829528826,5.123141391827446,Q:What did the blind person say when given some matzah?A:Who the hell wrote this?,14,very short,7
15,16,-1.6304464955022488,-3.103138326135258,50692,73399.0,5.417196000235782,5.028330375222494,Q. What is orange and sounds like a parrot?A. A carrot.,11,very short,7
16,17,0.6746127347510456,-1.2881012899622644,50692,73413.0,5.306346599714129,4.4391835068599415,How many men does it take to screw in a light bulb?One. Men will screw anything.,16,short,4
17,18,-0.12753183441174148,-0.9061631518718338,50692,73404.0,5.157550697538675,4.9931846159700255,"A dog walks into Western Union and asks the clerk to send a telegram. He fills out a form on which he writes down the telegram he wishes to send:Bow wow wow, bow wow wow.The clerk says, You can add another Bow wow for the same price.The dog responded, Now wouldnt that sound a little silly?",56,medium,6
18,19,0.7746433115679002,0.17155981799852718,50692,73406.0,5.314873711487832,5.0485614126251175,"Q:If a person who speaks three languages is called trilingual, and a person who speaks two languages is called bilingual, what do you call a person who only speaks one language?A:American!",31,short,1
19,20,-0.7028164272890485,-1.2032695818008254,557,73410.0,5.675657931514326,5.158966416116988,Whats the difference between a Macintosh and an Etch-a-Sketch?You dont have to shake the Mac to clear the screen.,19,short,3
20,21,2.9891908881691096,2.1068039718573632,11732,57706.0,5.053295585914328,4.941083128657189,"Whats the difference between a used tire and 365 used condoms?Ones a Goodyear, the others a great year.",18,short,3
21,22,1.2845631711295364,0.8813262231574958,7357,41818.0,5.103512899417349,5.147767093035228,"A duck walks into a pharmacy and asks for a condom. The pharmacist asks, Would you like me to stick that on your bill? The duck says:br />What kind of duck do you think I am!",36,short,2
22,23,1.081557606263982,0.17138772358769833,6705,38855.0,5.078452568697847,5.163199299671843,Q:What is the Australian word for a boomerang that wont come back?A:A stick.,13,very short,5
23,24,-1.057448462041885,-1.7308062025479296,4584,31084.0,5.626845498502841,5.25570724355994,What do you get when you run over a parakeet with a lawnmower?Shredded tweet.,14,very short,1
24,25,1.2027819805387443,0.4183960841511989,8427,40451.0,5.112047660772083,5.093072024201756,"Two kindergarten girls were talking outside:one said, You wont believe what I saw on the patio yesterday. condom!The second girl asked, Whats a patio?",24,short,3
25,26,2.5151284922158244,1.2071649526943604,9378,48620.0,4.971490432371941,4.890584434747422,"A guy walks into a bar and sits down next to an extremely gorgeous woman. The first thing he notices about her though, are her pants. They were skin-tight, high-waisted and had no obvious mechanism (zipper, buttons or velcro) for opening them. After several minutes of puzzling over how she got the pants up over her hips, he finally worked up the nerve to ask her. Excuse me miss, but how do you get into your pants?Well, she replied, you can start by buying me a drink.",87,long,8
26,27,2.9338485054347827,2.9079890132608406,368,67718.0,5.397028471090051,4.734049721586279,"Bill Clinton returns from a vacation in Arkansas and walks down the steps of Air Force One with two pigs under his arms. At the bottom of the steps, he says to the honor guardsman, These are genuine Arkansas Razor-Back Hogs. I got this one for Chelsea and this one for Hillary.The guardsman replies, Nice trade, Sir.",57,medium,7
27,28,2.150815355329949,1.3926599571561324,9850,49482.0,5.102253895381609,5.076002794650689,"A mechanical engineer, an electrical engineer, and a software engineer from Microsoft were driving through the desert when the car broke down.The mechanical engineer said:It seems to be a problem with the fuel injection system, why dont we pop the hood and Ill take a look at it? To which the electrical engineer replied, No, I think its just a loose ground wire, Ill get out and take a look.Then the software engineer from Microsoft jumps in. No, no, no. If we just close up all the windows, get out, wait a few minutes, get back in, and then reopen the windows everything will work fine.",106,long,7
28,29,3.0458418703986663,2.619509729367041,14398,67065.0,4.8868303367858426,4.956544223908666,"An old Scotsman is sitting with a younger Scottish gentleman and says to the boy, Ah, lad, look out that window. You see that stone wall there? I built it with me own bare hands, placed every stone meself. But do they call me MacGregor the wall builder? No!He takes a few sips of his beer then says, Aye, and look out on that lake and eye that beautiful pier. I built it meself, laid every board and hammered each nail, but do they call me MacGregor the pier builder? No!He continues:And lad, you see that road? That too I build with me own bare hands. Laid every inch of pavement meself, but do they call MacGregor the road builder? No!Again he returns to his beer for a few sips, and then says, Agh, but you screw one sheep.",139,long,6
29,30,1.0488805970149253,-0.4743348276748234,5360,35021.0,4.9324942324507175,4.9971020437652225,Q:Whats the difference between a lawyer and a plumber? A:A plumber works to unclog the system.,16,short,3
30,31,2.372554347826087,1.953046567260824,230,55597.0,5.100907009238887,5.027776139800396,"President Clinton looks up from his desk in the Oval Office to see one of his aides nervously approach him.What is it? exclaims the President.Its this Abortion Bill, Mr. President. What do you want to do about it? the aide asks.Just go ahead and pay it, responds the President.",49,medium,1
31,32,3.5045560773603337,2.974697888386127,22518,66300.0,4.449738370947285,4.620225343552159,"A man arrives at the gates of heaven. St. Peter asks, Religion? The man says, Methodist. St. Peter looks down his list, and says, Go to room 24, but be very quiet as you pass room 8.Another man arrives at the gates of heaven. Religion? Baptist. Go to room 18, but be very quiet as you pass room 8.A third man arrives at the gates. Religion? Jewish. Go to room 11, but be very quiet as you pass room 8. The man says, I can understand there being different rooms for different religions, but why must I be quiet when I pass room 8? St. Peter tells him, Well, the Catholics are in room 8, and they think theyre the only ones here.",123,long,1
32,33,-0.18426606007454505,-1.386393467831205,4561,32516.0,5.363975754053995,5.291157250723444,What do you call an American in the finals of the world cup?Hey beer man!,15,short,9
33,34,0.7256211010178395,0.9218646247369592,9137,42770.0,5.0798287219140255,5.060449302106844,"Out in the backwoods of some midwestern state, little Johnny arrives at school an hour late.Teacher:Why are you so late, John?Johny:My big brother got shot in the ass.(The teacher corrects his speech.)Teacher:Rectum.Johnny:Wrecked him!? Hell, It damn near killed him!",39,short,6
34,35,3.5601398431028604,2.7756063797773467,20523,66460.0,4.561134785403164,4.756097609466295,"An explorer in the deepest Amazon suddenly finds himself surrounded by a bloodthirsty group of natives. Upon surveying the situation, he says quietly to himself, Oh God, Im screwed.The sky darkens and a voice booms out, No, you are NOT screwed. Pick up that stone at your feet and bash in the head of the chief standing in front of you.So with the stone he bashes the life out of the chief. He stands above the lifeless body, breathing heavily and looking at 100 angry natives.The voice booms out again, Okay.OW youre screwed.",93,long,7
35,36,2.9240888329604773,2.917244962355233,16092,68137.0,4.5968317151193165,4.5159174951308625,"A guy walks into a bar, orders a beer and says to the bartender, Hey, I got this great Polish Joke.The barkeep glares at him and says in a warning tone of voice:Before you go telling that joke you better know that Im Polish, both bouncers are Polish and so are most of my customers.Okay, says the customer. Ill tell it very slowly.",63,medium,7
36,37,0.15967732279693486,-1.4092875193843035,6264,34822.0,5.296446992451544,5.23504235835979,"A Jewish young man was seeing a psychiatrist for an eating and sleeping disorder.I am so obsessed with my mother.As soon as I go to sleep, I start dreaming, and everyone in my dream turns into my mother. I wake up in such a state, and all I can do is go downstairs and eat a piece of toast.The psychiatrist replies, What, just one piece of toast, for a big boy like you?,",73,medium,2
37,38,1.8343873636254648,1.3486977666858688,8341,46881.0,5.028895264247241,5.025460199154104,"May I take your order? the waiter asks.Yes, how do you prepare your chickens?Nothing special, sir, he replies. We just tell them straight out that theyre going to die.",29,short,7
38,39,1.7371256805807622,1.1006554685526708,8816,47508.0,5.0640186882903695,4.900422823393826,What is the difference between men and women?A woman wants one man to satisfy her every need.A man wants every woman to satisfy his one need.,26,short,8
39,40,1.5143136557610242,1.0336307067531336,7030,45801.0,5.165001176122582,5.0977262393276535,How many Irishmen does it take to change a lightbulb?Two. One to hold the lightbulb and the other to drink until the room spins.,24,short,1
40,41,0.08277825728009608,-0.3765429180089334,6662,38492.0,5.8705253589992825,5.522647809373404,What does an atheist say during an orgasm?Oh Darwin! Oh Darwin!,11,very short,2
41,42,1.596507556465899,1.7417501201878491,9032,54082.0,5.063197124866306,4.982824577242834,"Two men are discussing the age old question:who enjoys sex more, the man or the woman? A woman walks by and listens in for a while and then interrupts,br />Listen, you guys. You know when your ear itches and you put in your little finger and wiggle it around for a while? Afterward, which feels better, your finger or your ear?",61,medium,8
42,43,0.3013930722891566,-0.8343764555838963,166,36068.0,5.815762581274682,5.315725696558384,"Arnold Schwarzenegger and Sylvester Stallone are making a movie about the lives of the great composers.Stallone says, I want to be Mozart.Swartzeneger says, In that case.Ill be Bach.",28,short,2
43,44,-0.985105561277034,-1.9983055984785312,4855,33652.0,5.806704115798586,5.324554834097334,"A horse walks into a bar. The bartender asks:br />So, why the long face?",14,very short,2
44,45,1.58631782675408,1.0354731599335996,7169,43368.0,5.004528930496213,4.923437465046175,"A boy comes home from school and tells his mother that he got a part in the school play. What part? the mother asks. I play a Jewish husband, the boy replies.Go back to school and tell your teacher that you want a speaking role!",45,medium,6
45,46,1.3185297328204597,1.2745393111614625,9619,48981.0,5.055979777578286,5.160779261244303,"A couple has been married for 75 years. For the husbands 95th birthday, his wife decides to surprise him by hiring a prostitute. That day, the doorbell rings. The husband uses his walker to get to the door and opens it.A 21-year-old in a latex outfit smiles and says, Hi, I here to give you super sex!The old man says, Ill take the soup.",64,medium,8
46,47,2.9877224744796496,1.3379652976059702,15086,45530.0,4.6915887619612615,5.058008453729871,"There was an engineer who had an exceptional gift for fixing all things mechanical. After serving his company loyally for over 30 years, he happily retired. Several years later the company contacted him regarding a seemingly impossible problem they were having with one of their multi-million dollar machines. They had tried everything and everyone else to get the machine fixed, but to no avail. In desperation, they called on the retired engineer who had solved so many of their problems in the past.The engineer reluctantly took the challenge. He spent a day studying the huge machine. At the end of the day, he marked a small x in chalk on a particular component of the machine and proudly stated,br />This is where your problem is.The part was replaced and the machine worked perfectly again. The company received a bill for $50,000 from the engineer for his service. They demanded an itemized accounting of his charges. The engineer responded briefly:br />One chalk mark:$1.Knowing where to put it,$49,999.He was paid in full and the engineer retired again in peace.",177,very long,7
47,48,2.731920855978261,1.7741796838723116,11040,53839.0,4.952407551064646,4.981591220241361,"The graduate with a Science degree asks, Why does it work?The graduate with an Engineering degree asks, How does it work?The graduate with an Accounting degree Asks, How much will it cost?The graduate with a Liberal Arts degree asks, Do you want fries with that?",45,medium,2
48,49,3.0900874004845966,2.5154166116684458,14445,60608.0,4.5712063145484905,4.741571373035866,"Three engineering students were gathered together discussing the possible designers of the human body.One said, It was a mechanical engineer. Just look at all the joints.Another said, No, it was an electrical engineer. The nervous systems many thousands of electrical connections.The last said, Actually, it was a civil engineer. Who else would run a toxic waste pipeline through a recreational area?",61,medium,7
49,50,3.273599333737129,3.3625929395733016,16510,70449.0,4.716589770410692,4.412412411327827,"A guy goes into confession and says to the priest, Father, Im 80 years old, widower, with 11 grandchildren. Last night I met two beautiful flight attendants. They took me home and I made love to both of them. Twice.The priest says, Well, my son, when was the last time you were in confession?Never Father, Im Jewish.So then, why are you telling me?Im telling everybody!",65,medium,6
50,51,-0.4471009036144578,-0.8169128959568995,166,38609.0,5.455571964082874,5.412556057322968,Did you hear that Clinton has announced that there is a new national bird?The spread eagle.,16,short,5
51,52,0.09318862275449102,-0.20111833709629828,167,40748.0,5.412191909583858,5.19370005937068,Q:What do Monica Lewinsky and Bob Dole have in common?A:They were both upset when Bill finished first.,17,short,1
52,53,3.7142493831435854,2.5502391602552463,23101,67068.0,4.371268806694595,4.9411774701518345,"One Sunday morning William burst into the living room and said, Dad! Mom! I have some great news for you! I am getting married to the most beautiful girl in town. She lives a block away and her name is Susan.After dinner, Williams dad took him aside. Son, I have to talk with you. Your mother and I have been married 30 years. Shes a wonderful wife but she has never offered much excitement in the bedroom, so I used to fool around with women a lot. Susan is actually your half-sister, and Im afraid you cant marry her.William was heart-broken. After eight months he eventually started dating girls again. A year later he came home and very proudly announced, Dianne said yes! Were getting married in June.Again his father insisted on another private conversation and broke the sad news. Dianne is your half-sister too, William. Im awfully sorry about this.William was furious! He finally decided to go to his mother with the news.Dad has done so much harm.I guess Im never going to get married, he complained. Every time I fall in love, Dad tells me the girl is my half-sister.His mother just shook her head. Dont pay any attention to what he says, dear. Hes not really your father.",211,very long,6
53,54,2.94860635605835,2.405779519048884,16795,55515.0,4.775497956733804,4.994312841461749,"The Pope dies and, naturally, goes to heaven. Hes met by the reception committee, and after a whirlwind tour he is told that he can enjoy any of the myriad of recreations available.He decides that he wants to read all of the ancient original text of the Holy Scriptures, so he spends the next eon or so learning languages. After becoming a linguistic master, he sits down in the library and begins to pour over every version of the Bible, working back from most recent Easy Reading to the original script.All of a sudden there is a scream in the library. The angels come running in only to find the Pope huddled in his chair, crying to himself and muttering, An R! The scribes left out the R! A particularly concerned angel takes him aside, and offering comfort, asks him what the problem is and what he means.After collecting his wits, the Pope sobs again, Its the letter R. They left out the R. The word was supposed to be CELEBRATE!",171,very long,6
54,55,0.4521526528776978,0.3824500161038554,5560,40363.0,5.448024285101737,5.262125961552874,"A woman has twins, and gives them up for adoption. One of them goes to a family in Egypt and is named Amal. The other goes to a family in Spain; they name him Juan. Years later, Juan sends a picture of himself to his mom. Upon receiving the picture, she tells her husband that she wishes she also had a picture of Amal.Her husband responds, But they are twins--if youve seen Juan, youve seen Amal.",76,medium,6
55,56,2.4892251914616264,1.6860315217790318,12274,54502.0,4.8126929385406605,4.895872943099174,"A man and Cindy Crawford get stranded on a desert island. After a couple of days they fall in love and start sleeping together. Time passes and the man seems frustrated. Cindy asks if there is anything she can do, and he says there is one thing:Could you put on this baseball cap and go to the other side of the island and answer me when I call you Bob? She agrees. The next day he is walking on the other side of the island and runs into her. He says, Hi Bob!She says, Hello, whats up?He replies, Bob, you wont believe it:Ive been sleeping with Cindy Crawford for the past two weeks!",113,long,9
56,57,-0.4809000491159136,-1.9408095353339645,5090,33056.0,5.950808061344758,5.442447756100174,Why are there so many Joness in the phone book?Because they all have phones.,14,very short,1
57,58,-1.3918448920265778,-3.7045409911996,4816,32385.0,6.079201915155938,5.081552115226144,"How many teddy bears does it take to change a lightbulb?It takes only one teddy bear, but it takes a whole lot of lightbulbs.",24,short,2
58,59,1.2780316307795023,-0.521804464766007,5991,37180.0,4.944437496131592,4.971813752497399,"The Chukcha (Russian Eskimo) phones up the Russian Parliament Building. A guard answers.Chukcha:What is required to become Parliament member?Guard:What are you, an idiot?Chukcha:Is it required?",25,short,7
59,60,1.0873942452672138,-0.4068151374897924,5969,36730.0,5.337669004234042,5.461890176835716,What did the Buddhist say to the hot dog vendor?Make me one with everything.,14,very short,7
60,61,1.8911880630630635,2.0908191598268733,222,55679.0,5.232788591709424,4.832207103952985,"During a recent publicity outing, Hillary sneaked off to visit a fortune teller of some local repute. In a dark and hazy room, peering into a crystal ball, the mystic delivered grave news.Theres no easy way to say this, so Ill just be blunt:Prepare yourself to be a widow. Your husband will die a violent and horrible death this year.Visibly shaken, Hillary stared at the womans lined face, then at the single flickering candle, then down at her hands. She took a few deep breaths to compose herself. She simply had to know. She met the fortune tellers gaze, steadied her voice, and asked her question.Will I be acquitted?",109,long,1
61,62,3.3106313852163463,2.6762632522729457,16640,63574.0,4.666460683707778,4.716362330926259,"A group of managers were given the assignment to measure the height of a flagpole. So they go out to the flagpole with ladders and tape measures, and theyre falling off the ladders, dropping the tape measures--the whole thing is just a mess. An engineer comes along and sees what theyre trying to do, walks over, pulls the flagpole out of the ground, lays it flat, measures it from end to end, gives the measurement to one of the managers and walks away.After the engineer has gone, one manager turns to another and laughs. Isnt that just like an engineer? Were looking for the height and he gives us the length.",111,long,7
62,63,2.994830701284797,0.25560520417113564,13076,41044.0,4.712516983972333,5.202210362262844,"An engineer, a physicist and a mathematician are sleeping in a room. There is a fire in the room. The engineer wakes up, sees the fire, picks up the bucket of water and douses the fire and goes back to sleep.Again there is a fire in the room. This time, the physicist wakes up, notices the bucket, fills it with water, calculates the optimal trajectory and douses the fire in minimum amount of water and goes back to sleep.Again there is a fire. This time the mathematician wakes up. He looks at the fire, looks at the bucket and the water and exclaims, A solution exists! and goes back to sleep.",111,long,1
63,64,-0.0805147800645682,-0.7168135621692758,4956,35717.0,5.1720259269065245,5.203665859411066,What is the rallying cry of the International Dyslexic Pride movement?Dyslexics Untie!,12,very short,1
64,65,2.5428895793499042,1.9904443279265518,10460,59123.0,5.235675618791521,5.186170678585938,"Two rednecks were seated at the end of a bar when a young lady seated a few stools up began to choke on a piece of hamburger. She was turning blue and obviously in serious respiratory distress. One said to the other, That gal there is having a bad time! The other agreed and said, Think we should go help? You bet, said the first, and with that, he ran over and said, Can you breathe? She shook her head no. He said, Can you speak? She again shook her head no. With that, he pulled up her skirt and licked her on the butt.She was so shocked, she coughed up the obstruction and began to breathe--with great relief.The redneck walked back to his friend and said, Funny how that hind lick maneuver always works.",135,long,0
65,66,2.7930438889582807,2.4430991038656242,16012,60482.0,4.808460447693031,4.770803049294373,"A lawyer opened the door of his BMW, when suddenly a car came along and hit the door, ripping it off completely. When the police arrived at the scene, the lawyer was complaining bitterly about the damage to his precious BMW.Officer, look what theyve done to my Beeeeemer! he whined.You lawyers are so materialistic, you make me sick! retorted the officer. Youre so worried about your stupid BMW that you didnt even notice your left arm was ripped off!Oh my gaaaad. replied the lawyer, finally noticing the bloody left shoulder where his arm once was. Wheres my Rolex?!,",98,long,7
66,67,-0.0350752546380502,-0.9082790581855408,5498,36143.0,5.294953423319755,5.247124537670547,"Once upon a time, two brooms fell in love and decided to get married. Before the ceremony, the bride broom informed the groom broom that she was expecting a little whiskbroom. The groom broom was aghast!How is this possible? he asked. Weve never swept together!,",45,medium,6
67,68,3.3869329451660377,2.411570557822251,15629,60539.0,4.520948825693104,4.762432949837172,"A man piloting a hot air balloon discovers he has wandered off course and is hopelessly lost. He descends to a lower altitude and locates a man down on the ground. He lowers the balloon further and shouts, Excuse me, can you tell me where I am?The man below says, Yes, youre in a hot air balloon, about 30 feet above this field.You must work in Information Technology, says the balloonist.Yes I do, replies the man. And how did you know that?Well, says the balloonist, what you told me is technically correct, but of no use to anyone.The man below says, You must work in management.I do, replies the balloonist, how did you know?Well, says the man, you dont know where you are, or where youre going, but you expect my immediate help. Youre in the same position you were before we met, but now its my fault!",148,long,9
68,69,3.2497821215139444,2.2794106679096773,17068,60068.0,4.6140170539411525,4.84996011454237,"This guys wife asks, Honey, if I died would you remarry? and he replies, Well, after a considerable period of grieving, we all need companionship, so I guess I would.She then asks, If I died and you remarried, would she live in this house? and he replies, Weve spent a lot of time and money getting this house just the way we want it. Im not going to get rid of my house, so I guess she would.If I died and you remarried, and she lived in this house, would she sleep in our bed? and he says, That bed is brand new. We just paid two thousand dollars for it, and its going to last a long time, so I guess she would.So she asks, If I died and you remarried, and she lived in this house, and slept in our bed, would she use my golf clubs?Oh no, shes left handed.",153,very long,6
69,70,1.6866119217535365,0.5247166045449055,7847,41585.0,4.867744620460215,4.823841578371812,"Employer to applicant:In this job we need someone who is responsible.Applicant:Im the one you want. On my last job, every time anything went wrong, they said I was responsible.",29,short,5
70,71,1.0922543154178108,-0.9828413942177788,5098,18505.0,5.7585492738524815,5.814151232152453,"At a recent Sacramento PC Users Group meeting, a company was demonstrating its latest speech- recognition software. A representative from the company was just about ready to start the demonstration and asked everyone in the room to quiet down.Just then, someone in the back of the room yelled, Format C:Return.Someone else chimed in:Yes, Return.Unfortunately, the software worked.",57,medium,1
71,72,3.5051174107832526,2.6324214466469846,19419,18968.0,4.356285561996871,4.61223556218174,"On the first day of college, the Dean addressed the students, pointing out some of the rules:The female dormitory will be out-of-bounds for all male students and the male dormitory to the female students. Anybody caught breaking this rule will be finded $20 the first time. He continued, Anybody caught breaking this rule the second time will be fined $60. Being caught a third time will cost you a fine of $180. Are there any questions?At this point, a male student in the crowd inquired:How much for a season pass?",90,long,1
72,73,1.754678143712575,0.9674685568109096,167,18764.0,5.231086427327215,5.2306938018177185,"Q:What is the difference between George Washington, Richard Nixon, and Bill Clinton?A:Washington couldnt tell a lie, Nixon couldnt tell the truth, and Clinton doesnt know the difference.",27,short,3
73,74,-0.6042888165038002,-1.5582390664423778,4605,19024.0,5.361552088642187,5.058568581279326,"Q:How many stalkers does it take to change a light bulb?A:Two. One to replace the bulb, and the other to watch it day and night.",25,short,4
74,75,-0.8598994468404275,-0.4471430821737994,5333,19045.0,5.75708714945834,5.469840155447375,Q:Do you know the difference between an intelligent male and the Sasquatch?A:There have been actual reported sightings of the Sasquatch.,20,short,3
75,76,2.9223669445335045,2.344407558469717,15595,19369.0,4.6066825165802765,4.839896235601821,"There once was a man and a woman that both got in a terrible car wreck. Both of their vehicles were completely destroyed, buy fortunately, no one was hurt. In thankfulness, the woman said to the man, We are both okay, so we should celebrate. I have a bottle of wine in my car:lets open it. So the woman got the bottle out of the car, and handed it to the man. The man took a really big drink, and handed the woman the bottle. The woman closed the bottle and put it down. The man asked, Arent you going to take a drink? The woman cleverly replied, No, I think Ill just wait for the cops to get here.",120,long,8
76,77,1.5505923429683155,0.6437949243783635,7196,19505.0,5.167934727453708,5.1631016946100345,"If pro- is the opposite of con-, then congress must be the opposite of progress.",15,short,7
77,78,2.267949720210665,1.656368502316009,9114,19430.0,4.8267979387228825,4.964685092522491,Q:Whats the difference between the government and the Mafia?A:One of them is organized.,13,very short,3
78,79,0.29615796451152354,-0.14497783213575954,4903,19623.0,5.251471859879417,5.3119959820283436,"Q:Ever wonder why the IRS calls it Form 1040?A:Because for every $50 that you earn, you get 10 and they get 40.",22,short,7
79,80,2.2369011976047903,1.0265016924812755,167,19498.0,5.742112855880424,5.504189377810153,"Hillary, Bill Clinton and the Pope are sitting together on an airplane. Bill says, I could throw one thousand-dollar bill out of this plane and make one person very happy. Hillary says, I could throw 10 hundred-dollar bills out of the plane and make 10 people very happy.The Pope chips in and says, I could throw Bill out of the airplane and make the whole country happy.",67,medium,2
80,81,2.104749409427681,1.7482284967845625,9313,19904.0,5.425407317665645,5.352891157026682,"An Asian man goes into a New York CityBank to exchange 10,000 yen for American Currency. The teller gives him $72.00. The next month the Asian man goes into the same bank with 10,000 yen and receives $62.00. He asks, How come? Only $62.00? The teller says Fluctuations, fluctuations!Whereupon the Asian man looks back at the teller and says Fluk you Amelicans too!,",63,medium,9
81,82,1.253060632928659,0.6248744558064161,7331,19754.0,5.167079578866732,5.131963285074313,"Q:How do you keep a computer programmer in the shower all day long?A:Give them a shampoo with a label that says rinse, lather, repeat.",24,short,2
82,83,2.4670589604556907,1.9689874739039643,9129,20118.0,5.428184886330683,5.106105030114218,"What a woman says:This place is a mess! Cmon,you and I need to clean up,your stuff is lying on the floor andyoull have no clothes to wearif we dont do laundry right now!What a man hears:blah, blah, blah, blah, Cmonblah, blah, blah, blah, you and Iblah, blah, blah, blah, on the floorblah, blah, blah, blah, no clothesblah, blah, blah, blah, right now!",62,medium,9
83,84,2.1517290609137056,0.5243341958598721,7486,20096.0,4.900493653848238,5.14915565174805,"Q:What is the difference between mechanical engineers and civil engineers?A:Mechanical Engineers build weapons, civil engineers build targets.",17,short,3
84,85,0.2825140995721509,0.6312271655863336,5142,20364.0,5.443108576452357,5.3095066435752685,Q:How many presidents does it take to screw in a light bulb?A:It depends upon your definition of screwing a light bulb.,21,short,4
85,86,1.521713068995133,0.27030507979758595,6986,20552.0,5.016351709173553,5.192503168336715,"A neutron walks into a bar and orders a drink. How much do I owe you? the neutron asks.The bartender replies, For you, no charge.",25,short,9
86,87,2.412385546450372,1.8515249223487675,11959,20283.0,5.017205402544064,4.8244840218432765,"A man who recently completed a routine physical examination receives a phone call from his doctor. The doctor says, I have some good news and some bad news. The man says, Okay, give me the good news first. The doctor says, The good news is,you have 24 hours to live. The man replies, Shit! Thats the good news? Then whats the bad news?The doctor says, The bad news is:I forgot to call you yesterday.",74,medium,9
87,88,2.3073316283034955,1.965477958908078,9384,20734.0,4.8164171323868485,4.781697864507925,"A Czechoslovakian man felt his eyesight was growing steadily worse, and felt it was time to go see an optometrist.The doctor started with some simple testing, and showed him a standard eye chart with letters of diminishing size:CRKBNWXSKZY.Can you read this? the doctor asked.Read it? the Czech answered. Doc, I know him!",52,medium,9
88,89,3.6061783488497348,3.3480262192437733,25994,20443.0,4.6654631566341696,4.964334288008517,"A radio conversation between a US naval ship and Canadian authorities.Americans:Please divert your course 15 degrees to the North to avoid a collision.Canadians:Recommend you divert YOUR course 15 degrees to the South to avoid a collision.Americans:This is the captain of a US Navy ship. I say again, divert YOUR course.Canadians:No. I say again, you divert YOUR course.Americans:This is the aircraft carrier USS Lincoln, the second largest ship in the United States Atlantic Fleet. We are accompanied by three destroyers, three cruisers and numerous support vessels. I demand that you change your course 15 degrees North, thats ONE FIVE DEGREES NORTH, or counter-measures will be undertaken to ensure the safety of this ship.Canadians:This is a lighthouse. Your call.",117,long,7
89,90,1.7335082458770614,0.3693819553899792,6003,20937.0,5.262132387317641,5.3307373154967035,Q:How many programmers does it take to change a lightbulb?A:NONE! Thats a hardware problem.,14,very short,2
90,91,1.9633747113163973,1.9070755708416915,10825,20934.0,5.044755866097319,5.163323737910862,"A Panda walks into a bar, sits down at a table and orders a beer and a double cheeseburger. After he is finished eating, he pulls out a gun and rips the place with gunfire. Patrons scatter and dive under chairs and tables as the bear runs out the door. After ensuring that no one is hurt, the bartender races out the door, and calls after the bear:What the hell did you do that for? The bear calls back, Im a Panda. Look it up in the dictionary.The bartender returns, pulls out his dictionary.panda:\Panda\, n. (Zo[o]l.)A small Asiatic mammal (Ailurus fulgens) having fine soft fur. It is related to the bears, and inhabits the mountains of Northern India. Eats shoots and leaves.",122,long,7
91,92,1.9852603102359283,1.1217818421796937,10766,21214.0,5.1160351172782494,5.161331981827299,"Early one morning a mother went to her sleeping son and woke him up.Wake up, son. Its time to go to school.But why, Mama? I dont want to go to school.Give me two reasons why you dont want to go to school.One, all the children hate me. Two, all the teachers hate me.Oh, thats no reason. Come on, you have to go to school.Give me two good reasons why I should go to school.One, you are fifty-two years old. Two, you are the principal of the school.",87,long,6
92,93,2.798528803748622,2.250617967078956,14512,21506.0,4.438164236262266,4.736523613847436,"Reaching the end of a job interview, the human resources person asked a young engineer fresh out of Stanford,And what starting salary were you looking for?The engineer said, In the neighborhood of $125,000 a year, depending on the benefits package.The interviewer said, Well, what would you say to a package of 5-weeks vacation, 14 paid holidays, full medical and dental, company matching retirement fund to 50% of salary, and a company car leased every 2 years--say, a red Corvette?The engineer sat up straight and said, Wow! Are you kidding?And the interviewer replied, Yeah, but you started it.",97,long,7
93,94,1.940943424170616,1.0829639317180464,8440,21792.0,5.112563943721006,5.189510651334506,"Two atoms are walking down the street when one atom says to the other, Oh, my! Ive lost an electron!The second atom says, Are you sure?The first replies, Im positive!,",30,short,8
94,95,1.1954652532391048,1.034981128643539,8490,21991.0,5.15044148196856,5.201244246175593,"Just a thought.Before criticizing someone, walk a mile in their shoes.Then, when you do criticize them, you will be a mile away and have their shoes!",26,short,7
95,96,2.3173266594338693,1.3730266660650643,10139,22163.0,4.834848361959813,4.8952984050670345,"Two attorneys went into a diner and ordered two drinks. Then they produced sandwiches from their briefcases and started to eat. The owner became quite concerned and marched over and told them, You cant eat your own sandwiches in here!The attorneys looked at each other, shrugged their shoulders and then exchanged sandwiches.",52,medium,7
96,97,2.9072963169642856,1.4891062245078897,14336,22556.0,4.692273554237309,5.09077273503209,"A teacher is explaining to her class how different languages use negatives differently. She says, In all languages, a positive followed by a negative or a negative followed by a positive makes a negative. In some languages, two negatives together make a positive, while in others they make a negative. But in no language do two positives make a negative.One of the students puts up his hand and says, Yeah, right.",71,medium,1
97,98,2.2554748230653208,0.8698643649815023,8619,22708.0,5.3910289774809135,5.361474510839753,"Age and Womanhood: 1. Between the ages of 13 and 18.She is like Africa, virgin and unexplored. 2. Between the ages of 19 and 35.She is like Asia, hot and exotic. 3. Between the ages of 36 and 45.She is like America, fully explored, breathtakingly beautiful, and free with her resources. 4. Between the ages of 46 and 56.She is like Europe, exhausted but still has points of interest. 5. After 56 she is like Australia.Everybody knows its down there, but who gives a damn?,",85,long,8
98,99,1.9397039897039896,-0.03618897705709863,7770,23188.0,5.130790884741629,5.232240409627614,A bus station is where a bus stops.A train station is where a train stops.On my desk I have a work station.,22,short,5
99,100,1.0409226190476188,1.1168123525187348,168,19494.0,5.437648356841307,5.327569361045606,Q:Whats the difference between greeting a queen and greeting the President of the United States?A:You only have to get on one knee to greet the queen.,26,short,3
100,101,-0.24230216184053946,,5042,,5.254149220223344,,Did you hear about the Buddhist who refused Novocaine during a root canal? He wanted to transcend dental medication.,19,short,1
101,102,1.1586942846872754,,6955,,5.1711519602269735,,"A man escaped jail by digging a hole from his jail cell to the outside world. When finally his work was done, he emerged in the middle of a preschool playground.Im free, Im free! he shouted. So what? said a little girl. Im four.",44,medium,6
102,103,0.8121501670843776,,5985,,5.282643668807958,,"Nurse:Doctor, Doctor, theres an invisible man in the waiting room!Doctor:Well, go in there and tell him that I cant see him!,",21,short,9
103,104,3.4229731948865645,,19791,,4.283543520319394,,"As a pre-med student, I had to take a difficult class in physics. One day our professor was discussing a particularly complicated concept. A student rudely interrupted to ask, Why do we have to learn this stuff?To save lives. The professor responded quickly and continued the lecture.A few minutes later, the same student spoke up again. So how does physics save lives? he persisted.It usually keeps the idiots like you out of medical school, replied the professor.",77,medium,6
104,105,3.7110696118418036,,21821,,4.32352693853385,,"A couple of hunters are out in the woods in the deep south when one of them falls to the ground. He doesnt seem to be breathing, and his eyes are rolled back in his head.The other guy whips out his cell phone and calls 911. He gasps to the operator, My friend is dead! What can I do?The operator, in a calm and soothing voice, says, Alright, take it easy. I can help. First, lets make sure hes dead.There is silence, and then a gun shot is heard.The hunter comes back on the line. Okay. Now what??",98,long,0
105,106,3.3377221810255717,,22251,,4.657986866481694,,"An engineer dies and reports to the pearly gates. St. Peter checks his dossier and says, Ah, youre an engineer--youre in the wrong place. So, the engineer reports to the gates of hell and is let in. Pretty soon, the engineer gets dissatisfied with the level of comfort in hell, and starts designing and building improvements. After awhile, theyve got air conditioning, flush toilets and escalators, and the engineer is a pretty popular guy. One day, God calls Satan up on the telephone and says with a sneer, So, hows it going down there in hell?Satan replies, Hey, things are going great. Weve got air conditioning, flush toilets and escalators, and theres no telling what this engineer is going to come up with next.God replies, What?? Youve got an engineer? Thats a mistake--he should never have gotten down there; send him up here.Satan says, No way. I like having an engineer on the staff, and Im keeping him.God says, Send him back up here or Ill sue.Satan laughs uproariously and answers, Yeah, right. And just where are YOU going to get a lawyer?",183,very long,7
106,107,2.5852489571314456,,11267,,4.731243989332478,,"(A) The Japanese eat very little fat and suffer fewer heart attacks than the British or Americans. (B) On the other hand, the French eat a lot of fat and also suffer fewer heart attacks than the British or Americans. (C) The Chinese drink very little red wine and suffer fewer heart attacks than the British or Americans. (D) The Italians drink excessive amounts of red wine and also suffer fewer heart attacks than the British or Americans. (E) Conclusion:Eat and drink what you like. Its speaking English that kills you.",91,long,5
107,108,3.2602901585402333,,16715,,4.348075947170166,,"A man approached a very beautiful woman in a large supermarket and asked, You know, Ive lost my wife here in the supermarket. Can you talk to me for a couple of minutes?Why?Because every time I talk to a beautiful woman my wife appears out of nowhere.",47,medium,8
108,109,2.0866001241208108,,9668,,4.7161452114859435,,"Do you believe in life after death? the boss asked one of his employees.Yes, sir, the new recruit replied. Well, then, that makes everything just fine. the boss went on. After you left early yesterday to go to your grandmothers funeral, she stopped in to see you.",47,medium,5
109,110,2.771442897593204,,10595,,4.7437994442082685,,"One day, a professor was giving a big test to his students. He handed out the tests and went back to his desk to wait. Once the test was over, the students all handed the tests back in.The professor noticed that one of the students had attached a $100 bill to his test with a note saying:A dollar per point.The next class the professor handed the tests back out. This student got back his test.and $64 change!",77,medium,7
110,111,2.8015024918101346,,14347,,4.604390520429813,,"A new business was opening and one of the owners friends wanted to send him flowers for the occasion. They arrived at the new business site and the owner read the card, Rest in Peace.The owner was angry and called the florist to complain.After he had told the florist of the obvious mistake and how angry he was, the florist replied, Sir, Im really sorry for the mistake, but rather than getting angry, you should imagine this:somewhere there is a funeral taking place today, and they have flowers with a note saying, Congratulations on your new location!",97,long,5
111,112,2.2594189753737908,,11370,,4.8934958563391415,,"When my three-year-old son opened the birthday gift from his grandmother, he discovered a water pistol. He squealed with delight and headed for the nearest sink. I was not so pleased. I turned to Mom and said, Im surprised at you. Dont you remember how we used to drive you crazy with water guns?Mom smiled and then replied.I remember.",59,medium,6
112,113,1.4374303698752229,,8976,,5.130675423015459,,"The new employee stood before the paper shredder looking confused.Need some help? a secretary asked.Yes, he replied. How does this thing work?Simple, she said, taking the fat report from his hand and feeding it into the shredder.Thanks, but where do the copies come out?",44,medium,5
113,114,3.1927438525388725,,25661,,4.5078410768856845,,"Sherlock Holmes and Dr. Watson go on a camping trip, set up their tent, and fall asleep. Some hours later, Holmes wakes his faithful friend. Watson, look up at the sky and tell me what you see.Watson replies, I see millions of stars.What does that tell you?Watson ponders for a minute. Astronomically speaking, it tells me that there are millions of galaxies and potentially billions of planets. Astrologically, it tells me that Saturn is in Leo. Timewise, it appears to be approximately a quarter past three. Theologically, its evident the Lord is all-powerful and we are small and insignificant. Meteorologically, it seems we will have a beautiful day tomorrow. What does it tell you?Holmes is silent for a moment, then speaks. Watson, you idiot, someone has stolen our tent.",129,long,8
114,115,1.6263801050487727,,9329,,5.628806168884774,,"A lady bought a new Lexus. It cost a bundle. Two days later, she brought it back, complaining that the radio was not working.Madam, said the sales manager, the audio system in this car is completely automatic. All you need to do is tell it what you want to listen to, and you will hear exactly that!She drove out, somewhat amazed and a little confused. She looked at the radio and said, Nelson. The radio responded, Ricky or Willie? She was astounded. If she wanted Beethoven, thats what she got. If she wanted Nat King Cole, she got it.She was stopped at a traffic light enjoying On the Road Again when the light turned green and she pulled out. Suddenly an enormous sports utility vehicle coming from the street she was crossing sped toward her, obviously not paying attention to the light. She swerved and narrowly missed a collision.Idiot! she yelled and, from the radio, Ladies and gentlemen, the President of the United States.",164,very long,4
115,116,1.7471762048192772,,166,,5.570009850398509,,"A man in a hot air balloon realized he was lost. He reduced altitude and spotted a woman below.He descended a bit more and shouted, Excuse me, can you help me? I promised a friend I would meet him an hour ago, but I dont know where I am.The woman below replied, You are in a hot air balloon hovering approximately 30 feet above the ground. You are between 40 and 41 degrees north latitude and between 59 and 60 degrees west longitude.You must be an engineer, said the balloonist.I am, replied the woman. How did you know?Well, answered the balloonist, everything you told me is technically correct, but I have no idea what to make of your information, and the fact is, I am still lost. Frankly, youve not been much help so far.The woman below responded, You must be in management.I am, replied the balloonist, but how did you know?Well, said the woman, you dont know where you are or where you are going. You have risen to where you are due to a large quantity of hot air. You made a promise that you have no idea how to keep, and you expect people beneath you to solve your problems. The fact is, you are in exactly the same position you were in before we met, but now, somehow, its my fault!,",225,very long,8
116,117,3.212989035803678,,18378,,4.4179940598132434,,"A man joins a big corporate empire as a trainee.On his very first day of work, he dials the pantry and shouts into the phone:Get me a coffee, quickly!The voice from the other side responds, You fool, youve dialed the wrong extension! Do you know who youre talking to, dumbo?No, replied the trainee.Its the CEO of the company, you fool!The trainee shouts back, And do YOU know who YOU are talking to, you fool?!No. replied the CEO indignantly.Good! replied the trainee, and puts down the phone.",86,long,5
117,118,1.9833380020686089,,11602,,4.7810004686083865,,"A man goes into a drug store and asks the pharmacist if he can give him something for the hiccups. The pharmacist promptly reaches out and slaps the mans face. What the heck did you do that for?! the man screams. Well, you dont have the hiccups anymore, do you?The man says, No I dont, you IDIOT.but my wife out in the car still does!",65,medium,9
118,119,2.7979773507586665,,18058,,4.760855024517711,,"One day the first grade teacher was reading the story of the Three Little Pigs to her class. She came to the part of the story where the first pig was trying to accumulate the building materials for his home. She read, .and so the pig went up to the man with the wheelbarrow full of straw and said, Pardon me sir, but may I have some of that straw to build my house?The teacher paused then asked the class, And what do you think that man said?One little boy raised his hand and said, I know.he said, Holy Shit! A talking pig!",103,long,6
119,120,1.6161993577075098,,11132,,5.397831887920924,,"Judy was having trouble with her computer, so she called Tony, the computer guy, over to her desk. Tony clicked a couple buttons and solved the problem. As he was walking away, Judy called after him, So, what was wrong?And he replied, It was an ID Ten T Error.A puzzled expression ran riot over Judys face. An ID Ten T Error? Whats that.in case I need to fix it again?He gave her a grin.Havent you ever heard of an ID Ten T Error before?No, replied Judy.Write it down, he said, and I think youll figure it out. (She wrote.) I D 1 0 T",104,long,5
120,121,2.370295465089306,,12933,,4.828754581780976,,"A drunk staggers into a Catholic Church, enters a confessional booth, sits down, but says nothing. The Priest coughs a few times to get his attention but the drunk just sits there. Finally, the Priest pounds three times on the wall.The drunk mumbles, Aint no use knockin, theres no paper on this side either.",54,medium,7
121,122,2.568051686784277,,9693,,5.0345989629850525,,"An astronomer, a physicist and a mathematician (it is said) were holidaying in Scotland. Glancing from a train window, they observed a black sheep in the middle of a field.How interesting, observed the astronomer, All Scottish sheep are black!To which the physicist responded, No, no! Some Scottish sheep are black!The mathematician gazed heavenward in supplication, and then intoned, In Scotland there exists at least one field, containing at least one sheep, at least one side of which is black.",79,medium,7
122,123,-0.233593134357762,,5076,,5.90332708486438,,"When most people claim to be killing time, its only an expression. When Chuck Norris kills time, the minutes actually cease to exist.",23,short,8
123,124,-2.1618606780061422,,4233,,6.0828129766320345,,"Person 1:Hey, wanna hear a great knock-knock joke?Person 2:Sure, What is it?Person 1:Okay, you start.Person 2:Knock-knock.Person 1:Whos there?Person 2:.Person 1:Hah!",20,short,7
124,125,2.820172745388822,,10789,,4.891261070971007,,"An American tourist goes into a restaurant in Spain and orders the specialty of the house. When his dinner arrives, he asks the waiter what it is. These, senor, replied the waiter in broken English, are the testicles of the bull killed in the ring today.The tourist swallowed hard but tasted the dish and thought it was delicious. So he comes back the next evening and orders the same item. When it is served, he says to the waiter, These testicles.are much smaller than the ones I had last night.Yes, senor, replied the waiter, You see.the bull, he does not always lose.",102,long,1
125,126,3.1863954790292315,,16523,,4.532138900944402,,"A Briton, a Frenchman and a Russian are viewing a painting of Adam and Eve frolicking in the Garden of Eden. Look at their reserve, their calm, muses the Brit. They must be British.Nonsense, the Frenchman disagrees. Theyre naked, and so beautiful. Clearly, they are French.No way! They have no clothes and no shelter, the Russian points out, They have only an apple to eat, and they are being told they live in a paradise. Obviously, they are Russian.",79,medium,8
126,127,3.1747461493181595,,20386,,4.984919696659857,,"A little boy goes to his dad and asks, What is politics?His dad says, Well son, let me try to explain it this way:Im the breadwinner of the family, so lets call me capitalism. Your Mom, shes the administrator of the money, so well call her the government. Were here to take care of your needs, so well call you the people. The nanny, well consider her the working class. And your baby brother, well call him the future. Now, think about that and see if that makes sense.So the little boy goes off to bed thinking about what dad had said. Later that night, he hears his baby brother crying, so he gets up to check on him. He finds that the baby has severely soiled his diaper. So the little boy goes to his parents room and finds his mother sound asleep. Not wanting to wake her, he goes to the nannys room. Finding the door locked, he peeks in the keyhole and sees his father in bed with the nanny. He gives up and goes back to bed. The next morning, the little boy says to his father, Dad, I think I understand the concept of politics now. The father says, Good, son. Tell me in your own words what you think politics is all about.The little boy replies, Well, while capitalism is screwing the working class, the government is sound asleep, the people are being ignored and the future is in deep shit.",247,very long,6
127,128,2.5891908683364195,,10261,,4.98711214999655,,"An American, a Scot and a Canadian were in a terrible car accident. They were all brought to the same emergency room, but all three of them died before they arrived.Just as they were about to put the toe tag on the American, he stirred and opened his eyes. Astonished, the doctors and nurses present asked him what happened.Well, said the American, I remember the crash, and then there was a beautiful light, and then the Canadian and the Scot and I were standing at the gate s of heaven. St. Peter approached us and said that we were all to young to die, and that for a donation of $50, we could return to earth. So of course I pulled out my wallet and gave him the $50, and the next thing I knew I was back here.Thats amazing! said the one of the doctors, But what happened to the other two?Last I saw them, replied the American, the Scot was haggling over the price and the Canadian was waiting for the government to pay his.",177,very long,1
128,129,3.583135220690009,,19507,,4.674894945183358,,"A group of girlfriends is on vacation when they see a 5-story hotel with a sign that reads:For Women Only. Since they are without their boyfriends and husbands, they decide to go in. The bouncer, a very attractive guy, explains to them how it works. We have 5 floors. Go up floor by floor, and once you find what you are looking for, you can stay there. Its easy to decide since each floor has a sign telling you whats inside.So they start going up and on the first floor the sign reads:All the men on this floor are short and plain. The friends laugh and without hesitation move on to the next floor. The sign on the second floor reads:All the men here are short and handsome. Still, this isnt good enough, so the friends continue on up. They reach the third floor and the sign reads:All the men here are tall and plain.They still want to do better, and so, knowing there are still two floors left, they continued on up. On the fourth floor, the sign is perfect:All the men here are tall and handsome. The women get all excited and are going in when they realize that there is still one floor left. Wondering what they are missing, they head on up to the fifth floor. There they find a sign that reads:There are no men here. This floor was built only to prove that there is no way to please a woman.",247,very long,7
129,130,1.4696917964126377,,10983,,4.995661876666572,,"An old man goes to the doctor for his yearly physical, his wife tagging along. When the doctor enters the examination room, he tells the old man, I need a urine sample, a stool sample and a sperm sample.The old man, being hard of hearing, looks at his wife and yells:WHAT? What did he say? Whats he want?His wife yells back, He needs your underwear.",65,medium,9
130,131,0.7434639284631707,,6598,,5.2008001080848185,,"A guy had been feeling down for so long that he finally decided to seek the aid of a psychiatrist.He went there, lay on the couch, spilled his guts then waited for the profound wisdom of the psychiatrist to make him feel better.The psychiatrist asked me a few questions, took some notes then sat thinking in silence for a few minutes with a puzzled look on his face.He looked up with an expression of delight and said, I think your problem is low self-esteem. It is very common among losers.",90,long,8
131,132,3.2477606807221466,,16174,,4.955938913365004,,"Mickey Mouse is having a nasty divorce with Minnie Mouse. Mickey spoke to the judge about the separation.Im sorry Mickey, but I cant legally separate you two on the grounds that Minnie is mentally insane.Mickey replied, I didnt say she was mentally insane, I said that shes fucking Goofy!,",49,medium,0
132,133,1.4430549474605954,,9136,,4.96383960598171,,"The new employee stood before the paper shredder looking confused. Need some help? a secretary, walking by, asked. Yes, he replied, how does this thing work? Simple, she said, taking the fat report from his hand and feeding it into the shredder.Thanks, but where do the copies come out?,",49,medium,5
133,134,3.174689182768451,,15785,,4.364161149144247,,"An artist asked the gallery owner if there had been any interest in his paintings currently on display. Ive got good news and bad news, the owner replied. The good news is that a gentleman inquired about your work and wondered if it would appreciate in value after your death. When I told him it would, he bought all fifteen of your paintings.Thats wonderful! the artist exclaimed. Whats the bad news?With concern, the gallery owner replied:quot;The guy was your doctor.",80,long,9
134,135,1.9604408033320568,,10444,,5.096946951700701,,A guy walked past a mental hospital and heard a moaning voice:13.13.13.13.The man looked over to the hospital and saw a hole in the wall. He looked through the hole and got poked in the eye. The moaning voice then groaned:14.14.14.14.,41,medium,0
135,136,0.4612254433240612,,5752,,5.194836834795528,,"A man went to apply for a job. After filling out all of his applications, he waited anxiously for the outcome.The employer read all his applications and said, We have an opening for people like you.Oh, great, he said. What is it?Its called the door!",45,medium,6
136,137,1.7307769666269368,,8390,,4.90681961642343,,"Deep within a forest, a little turtle began to climb a tree. After hours of effort, he reached the top, jumped into the air waving his front legs and crashed to the ground. After recovering, he slowly climbed the tree again, jumped, and fell to the ground. The turtle tried again and again, while a couple of birds sitting on a branch watched his sad efforts.Finally, the female bird turned to her mate. Dear, she chirped, I think its time to tell him hes adopted.",85,long,0
137,138,2.7997094923918207,,16824,,5.31869039061113,,"WASHINGTON (Reuters) - A tragic fire on Monday destroyed the personal library of President George W. Bush. Both of his books have been lost.Presidential spokesman Ari Fleischer said the president was devastated, as he had not finished coloring the second one.",41,medium,8
138,139,1.5965408181257164,,11343,,5.102215655348892,,"In a Veterans Day speech, President Bush vowed, We will finish the mission. Period. Afterwards, he was advised that he doesnt have to read the punctuation marks.",27,short,7
139,140,0.6315177436921401,,5509,,6.082452672279589,,Chuck Norris calendar goes straight from March 31st to April 2nd; no one fools Chuck Norris.,16,short,6
140,141,-2.7482041994106092,,4072,,5.6731518369777145,,Jack Bauer can get McDonalds breakfast after 10:00.,8,very short,7
141,142,2.0025846124116606,,9056,,5.450572674300148,,"One day, three men went to a shrine to ask the Father for forgiveness.The first man went to the Father.First Man:Father, Father, I have sinned!Father:What have you done?First Man:I have lied!Father:Drink the holy water and you will be saved.And so the man drank the water and was saved.The second man went up to the Father.Second Man:Father, Father, I have sinned!Father:What have you done?Second Man:I have stolen from the jewelers!Father:Drink the holy water and you will be saved.And so the second man drank the holy water and was saved.The third man went up to the Father.Third Man:Father, Father, I have sinned!Father:What have you done?Third Man:I peed in the holy water!,",109,long,6
142,143,2.7188185776985323,,14582,,4.961696473065307,,"A preist, a 12-year-old kid, and the smartest guy in the world are on a plane.The pilot screams, The plane is going down! You have to jump! He then grabs a parachute and jumps off, leaving only two more parachutes on the plane.The smartest guy in the world says, I have to go. I mean, Im the smartest guy in the world! He grabs a parachute, and jumps.The priest then looks at the 12-year-old kid, and says, Go, my son. You have a long life to live.The kid calmly responds:Dude, chill. Well be fine. The smartest guy in the world took my backpack.",103,long,7
143,144,1.8681808859721083,,9752,,4.86888728202416,,"A man is driving in the country one evening when his car stalls and wont start. He goes up to a nearby farm house for help, and because it is suppertime he is asked to stay for supper. When he sits down at the table he notices that a pig is sitting at the table with them for supper and that the pig has a wooden leg.As they are eating and chatting, he eventually asks the farmer why the pig is there and why it has a wooden leg.Oh, says the farmer, that is a very special pig. Last month my wife and daughter were in the barn when it caught fire. The pig saw this, ran to the barn, tipped over a pail of water, crawled over the wet floor to reach them and pulled them out of the barn safely. A special pig like that, you just dont eat it all at once!",155,very long,2
144,145,2.458938402617091,,12533,,4.982529057868675,,"A blonde, brunette, and a red head are all lined up to be shot to death by a firing squad.The brunette shouts, Tornado! and the riflemen turn around to see the tornado. It isnt there, and the brunette uses that time to escape.The red head yells, Lightning! and the riflemen again turn to see the disaster, yet there is no disaster and the red head escapes.The blonde yells, Fire!The riflemen do.",71,medium,0
145,146,0.17649379071661234,,4912,,5.439940947667835,,"America: 8:00 - Welcome to work!, 12:00 - Lunch break, 17:00 - The work day is overJapan, 8:00 - Are you already at work?, 12:00 - Continue your work, 17:00 - The work day is over, 20:00 - Please finish your work. Romania:8:00 - Has anyone come to work?, 12:00 - Did someone start working?, 16:00 - Is anyone at work?",61,medium,5
146,147,1.7827214197594323,,9727,,5.0171200599855394,,"It was the day of the big sale. Rumors of the sale (and some advertising in the local paper) were the main reason for the long line that formed by 8:00, the stores opening time, in front of the store.A small man pushed his way to the front of the line, only to be pushed back, amid loud and colorful curses. On the mans second attempt, he was punched square in the jaw, and knocked around a bit, and then thrown to the end of the line again. As he got up the second time, he said to the person at the end of the line.That does it! If they hit me one more time, I wont open the store!,",120,long,0
147,148,3.0613740241542677,,14987,,4.788643921653249,,"Recently a teacher, a garbage collector, and a lawyer wound up together at the Pearly Gates. St. Peter informed them that in order to get into Heaven, they would each have to answer one question. St. Peter addressed the teacher and asked, What was the name of the ship that crashed into the iceberg? They just made a movie about it.The teacher answered quickly, That would be the Titanic. St. Peter let him through the gate. St. Peter turned to the garbage man and, figuring Heaven didnt really need all the odors that this guy would bring with him, decided to make the question a little harder:How many people died on the ship?Fortunately for him, the trash man had just seen the movie. 1,228, he answered. Thats right! You may enter.St. Peter turned to the lawyer:Name them.",137,long,1
148,149,2.3992153309628006,,10968,,4.789100553980142,,"A little girl asked her father, Daddy? Do all fairy tales begin with Once Upon a Time?He replied, No, there is a whole series of fairy tales that begin with If elected I promise.",34,short,6
149,150,2.8104929141441937,,18170,,4.5618955229776725,,"In an interview with David Letterman, Carter passed along an anecdote of a translation problem in Japan. Carter was speaking at a business lunch in Tokyo, where he decided to open his speech with a brief joke.He told the joke, then waited for the translator to announce the Japanese version. Even though the story was quite short, Carter was surprised by how quickly the interpreter was able to re-tell it. Even more impressive was the reaction from the crowd. Carter thought the story was cute, but not outright hilarious, yet the crowd broke right up. Carter was very flattered.After the speech, Carter wanted to meet the translator to ask him how he told the joke. Perhaps there is better way to tell the joke?When Carter asked how the joke had been told in Japanese, the translator responded, I told them, President Carter has told a very funny joke. Please laugh now.",151,very long,2
